{
  "Prediction Probability": 0.9417,
  "Predicted Class": "critical drowsiness",
  "details": [
    {
      "raw": {
        "EAR": -6.268314933777219e-08,
        "PUC": -4.2448796477856376e-08,
        "MAR": 3.089968458880321e-08,
        "MOE": 1.65963342624309e-07
      },
      "magnitude": {
        "EAR": 6.268314933777219e-08,
        "PUC": 4.2448796477856376e-08,
        "MAR": 3.089968458880321e-08,
        "MOE": 1.65963342624309e-07
      },
      "normalized": {
        "EAR": 0.20756286485915054,
        "PUC": 0.1405608030204315,
        "MAR": 0.1023182007326386,
        "MOE": 0.5495548200853473
      },
      "base_features": [
        0.20838861,
        0.79235244,
        0.01489234,
        0.07146428
      ]
    }
  ]
}