{
  "Prediction Probability": 0.3116,
  "Predicted Class": "alert",
  "details": [
    {
      "raw": {
        "EAR": 1.5150471099900642e-08,
        "PUC": -3.3753346997400513e-06,
        "MAR": -9.759136077036601e-08,
        "MOE": -3.828270962458191e-07
      },
      "magnitude": {
        "EAR": 1.5150471099900642e-08,
        "PUC": 3.3753346997400513e-06,
        "MAR": 9.759136077036601e-08,
        "MOE": 3.828270962458191e-07
      },
      "normalized": {
        "EAR": 0.0039139355154538084,
        "PUC": 0.8719756812012822,
        "MAR": 0.025211512592707826,
        "MOE": 0.09889861235301066
      },
      "base_features": [
        0.24787247,
        1.2758749,
        0.0178543,
        0.07203017
      ]
    }
  ]
}