{
  "Prediction Probability": 0.7774,
  "Predicted Class": "very drowsy",
  "details": [
    {
      "raw": {
        "EAR": 2.7131380875289324e-07,
        "PUC": 6.213685082911979e-06,
        "MAR": 1.5900764083198737e-07,
        "MOE": 5.861545560037484e-07
      },
      "magnitude": {
        "EAR": 2.7131380875289324e-07,
        "PUC": 6.213685082911979e-06,
        "MAR": 1.5900764083198737e-07,
        "MOE": 5.861545560037484e-07
      },
      "normalized": {
        "EAR": 0.03752527335236523,
        "PUC": 0.8594115881294957,
        "MAR": 0.021992265026102947,
        "MOE": 0.08107073518255041
      },
      "base_features": [
        0.237485,
        0.8333343,
        0.0206377,
        0.08690105
      ]
    }
  ]
}
