{
  "Prediction Probability": 0.7250,
  "Predicted Class": "very drowsy",
  "details": [
    {
      "raw": {
        "EAR": 6.168026089881096e-08,
        "PUC": -3.834869403362973e-06,
        "MAR": -1.0638024150466663e-07,
        "MOE": -4.648897515835415e-07
      },
      "magnitude": {
        "EAR": 6.168026089881096e-08,
        "PUC": 3.834869403362973e-06,
        "MAR": 1.0638024150466663e-07,
        "MOE": 4.648897515835415e-07
      },
      "normalized": {
        "EAR": 0.013805446912319776,
        "PUC": 0.8583310964047417,
        "MAR": 0.02381032043657817,
        "MOE": 0.10405291242358922
      },
      "base_features": [
        0.23341772,
        0.97581065,
        0.00841794,
        0.03606384
      ]
    }
  ]
}
