{
  "Prediction Probability": 0.4741,
  "Predicted Class": "slightly drowsy",
  "details": [
    {
      "raw": {
        "EAR": 2.0041350978772243e-07,
        "PUC": 1.020009790408949e-06,
        "MAR": -2.952718887172523e-07,
        "MOE": -1.5412321090479963e-06
      },
      "magnitude": {
        "EAR": 2.0041350978772243e-07,
        "PUC": 1.020009790408949e-06,
        "MAR": 2.952718887172523e-07,
        "MOE": 1.5412321090479963e-06
      },
      "normalized": {
        "EAR": 0.06556042217978741,
        "PUC": 0.33367148031865784,
        "MAR": 0.09659104170487498,
        "MOE": 0.5041767286709175
      },
      "base_features": [
        0.23822099,
        1.2028315,
        0.11778618,
        0.49444085
      ]
    }
  ]
}
