{
  "Prediction Probability": 0.6130,
  "Predicted Class": "slightly drowsy",
  "details": [
    {
      "raw": {
        "EAR": -1.3998510794976937e-08,
        "PUC": -1.0618425676511833e-06,
        "MAR": -2.9875863560846483e-07,
        "MOE": -1.1998647551081376e-06
      },
      "magnitude": {
        "EAR": 1.3998510794976937e-08,
        "PUC": 1.0618425676511833e-06,
        "MAR": 2.9875863560846483e-07,
        "MOE": 1.1998647551081376e-06
      },
      "normalized": {
        "EAR": 0.005437443602430359,
        "PUC": 0.41245166438239445,
        "MAR": 0.11604686067342111,
        "MOE": 0.4660636429116074
      },
      "base_features": [
        0.24547216,
        0.9025817,
        0.04164012,
        0.16963276
      ]
    }
  ]
}