{
  "Prediction Probability": 0.5034,
  "Predicted Class": "slightly drowsy",
  "details": [
    {
      "raw": {
        "EAR": 2.556043625645543e-07,
        "PUC": 5.519312708202051e-06,
        "MAR": -1.0575451625527421e-07,
        "MOE": -5.092231276648818e-07
      },
      "magnitude": {
        "EAR": 2.556043625645543e-07,
        "PUC": 5.519312708202051e-06,
        "MAR": 1.0575451625527421e-07,
        "MOE": 5.092231276648818e-07
      },
      "normalized": {
        "EAR": 0.040001335542466564,
        "PUC": 0.8637563044286103,
        "MAR": 0.016550272645640258,
        "MOE": 0.07969193088620607
      },
      "base_features": [
        0.24993901,
        0.84408283,
        0.02275563,
        0.09104472
      ]
    }
  ]
}